rank,app,volume_mn,share,date
1,PhonePe,9799.14,0.464413,2025-12-01
2,Google Pay,7311.67,0.346524,2025-12-01
3,Paytm,1624.45,0.076988,2025-12-01
4,Navi,671.89,0.031843,2025-12-01
5,super.money,286.86,0.013595,2025-12-01
6,FamApp by Trio,159.05,0.007538,2025-12-01
7,CRED,157.25,0.007453,2025-12-01
8,BHIM,155.75,0.007381,2025-12-01
9,Axis Bank Apps,144.75,0.00686,2025-12-01
10,WhatsApp Pay,100.45,0.004761,2025-12-01
11,Kotak Mahindra Bank Apps,94.55,0.004481,2025-12-01
12,Amazon Pay,86.48,0.004099,2025-12-01
13,HDFC Bank Apps,75.34,0.003571,2025-12-01
14,ICICI Bank Apps,72.52,0.003437,2025-12-01
15,Mobikwik,63.4,0.003005,2025-12-01
16,Yes Bank Apps,49.47,0.002345,2025-12-01
17,Slice Small Finance Bank Apps,34.45,0.001633,2025-12-01
18,India Post Payments Bank Apps,17.91,0.000849,2025-12-01
19,Airtel Payments Bank Apps,16.05,0.000761,2025-12-01
20,Groww,15.87,0.000752,2025-12-01
