date,year,app_group,volume_mn,share
2022-01-01,2022,PhonePe,2140.28,0.454578
2022-01-01,2022,Google Pay,1584.2,0.336471
2022-01-01,2022,Paytm,710.28,0.150858
2022-01-01,2022,All other apps,273.52,0.058093
2022-02-01,2022,PhonePe,2120.2,0.459535
2022-02-01,2022,Google Pay,1524.09,0.330334
2022-02-01,2022,Paytm,706.77,0.153186
2022-02-01,2022,All other apps,262.73,0.056945
2022-03-01,2022,PhonePe,2527.15,0.458797
2022-03-01,2022,Google Pay,1838.12,0.333706
2022-03-01,2022,Paytm,837.14,0.15198
2022-03-01,2022,All other apps,305.8,0.055517
2022-04-01,2022,PhonePe,2616.26,0.460383
2022-04-01,2022,Google Pay,1914.77,0.336942
2022-04-01,2022,Paytm,851.61,0.149858
2022-04-01,2022,All other apps,300.15,0.052817
2022-05-01,2022,PhonePe,2778.75,0.458694
2022-05-01,2022,Google Pay,2079.92,0.343337
2022-05-01,2022,Paytm,887.45,0.146493
2022-05-01,2022,All other apps,311.84,0.051476
2022-06-01,2022,PhonePe,2732.59,0.458411
2022-06-01,2022,Google Pay,2025.89,0.339857
2022-06-01,2022,Paytm,877.5,0.147207
2022-06-01,2022,All other apps,325.03,0.054526
2022-07-01,2022,PhonePe,2993.83,0.468316
2022-07-01,2022,Google Pay,2130.63,0.333288
2022-07-01,2022,Paytm,933.88,0.146084
2022-07-01,2022,All other apps,334.42,0.052312
2022-08-01,2022,PhonePe,3146.71,0.47038
2022-08-01,2022,Google Pay,2212.73,0.330766
2022-08-01,2022,Paytm,986.39,0.147449
2022-08-01,2022,All other apps,343.89,0.051406
2022-09-01,2022,PhonePe,3216.78,0.466884
2022-09-01,2022,Google Pay,2296.14,0.333262
2022-09-01,2022,Paytm,1037.2,0.150539
2022-09-01,2022,All other apps,339.77,0.049314
2022-10-01,2022,PhonePe,3452.87,0.465702
2022-10-01,2022,Google Pay,2496.42,0.336702
2022-10-01,2022,Paytm,1109.6,0.149656
2022-10-01,2022,All other apps,355.44,0.04794
2022-11-01,2022,PhonePe,3418.75,0.461207
2022-11-01,2022,Google Pay,2541.14,0.342813
2022-11-01,2022,Paytm,1081.47,0.145896
2022-11-01,2022,All other apps,371.26,0.050085
2022-12-01,2022,PhonePe,3674.24,0.462793
2022-12-01,2022,Google Pay,2712.34,0.341636
2022-12-01,2022,Paytm,1170.34,0.147411
2022-12-01,2022,All other apps,382.36,0.048161
2023-01-01,2023,PhonePe,3802.67,0.466995
2023-01-01,2023,Google Pay,2782.42,0.341701
2023-01-01,2023,Paytm,1190.89,0.14625
2023-01-01,2023,All other apps,366.87,0.045054
2023-02-01,2023,PhonePe,3519.12,0.461016
2023-02-01,2023,Google Pay,2639.55,0.34579
2023-02-01,2023,Paytm,1137.53,0.14902
2023-02-01,2023,All other apps,337.2,0.044174
2023-03-01,2023,PhonePe,4076.32,0.463716
2023-03-01,2023,Google Pay,3054.44,0.347468
2023-03-01,2023,Paytm,1288.38,0.146564
2023-03-01,2023,All other apps,371.42,0.042252
2023-04-01,2023,PhonePe,4216.99,0.468365
2023-04-01,2023,Google Pay,3109.24,0.345331
2023-04-01,2023,Paytm,1299.25,0.144303
2023-04-01,2023,All other apps,378.16,0.042001
2023-05-01,2023,PhonePe,4499.2,0.472427
2023-05-01,2023,Google Pay,3274.69,0.34385
2023-05-01,2023,Paytm,1342.28,0.140943
2023-05-01,2023,All other apps,407.42,0.04278
2023-06-01,2023,PhonePe,4461.36,0.472443
2023-06-01,2023,Google Pay,3266.83,0.345946
2023-06-01,2023,Paytm,1307.48,0.138458
2023-06-01,2023,All other apps,407.5,0.043153
2023-07-01,2023,PhonePe,4743.66,0.470724
2023-07-01,2023,Google Pay,3494.64,0.346781
2023-07-01,2023,Paytm,1393.66,0.138296
2023-07-01,2023,All other apps,445.4,0.044198
2023-08-01,2023,PhonePe,4987.33,0.465872
2023-08-01,2023,Google Pay,3767.68,0.351943
2023-08-01,2023,Paytm,1484.82,0.138699
2023-08-01,2023,All other apps,465.53,0.043486
2023-09-01,2023,PhonePe,4972.81,0.466045
2023-09-01,2023,Google Pay,3780.89,0.35434
2023-09-01,2023,Paytm,1451.99,0.136078
2023-09-01,2023,All other apps,464.55,0.043537
2023-10-01,2023,PhonePe,5337.96,0.462899
2023-10-01,2023,Google Pay,4139.92,0.359007
2023-10-01,2023,Paytm,1544.41,0.133929
2023-10-01,2023,All other apps,509.29,0.044165
2023-11-01,2023,PhonePe,5281.68,0.465379
2023-11-01,2023,Google Pay,4099.08,0.361178
2023-11-01,2023,Paytm,1479.47,0.130359
2023-11-01,2023,All other apps,488.98,0.043085
2023-12-01,2023,PhonePe,5642.66,0.464553
2023-12-01,2023,Google Pay,4375.29,0.360212
2023-12-01,2023,Paytm,1573.61,0.129553
2023-12-01,2023,All other apps,554.88,0.045683
2024-01-01,2024,PhonePe,5734.54,0.465255
2024-01-01,2024,Google Pay,4442.86,0.360458
2024-01-01,2024,Paytm,1569.63,0.127347
2024-01-01,2024,All other apps,578.56,0.04694
2024-02-01,2024,PhonePe,5760.01,0.4731
2024-02-01,2024,Google Pay,4508.12,0.370276
2024-02-01,2024,Paytm,1340.35,0.11009
2024-02-01,2024,All other apps,566.56,0.046535
2024-03-01,2024,PhonePe,6502.15,0.483043
2024-03-01,2024,Google Pay,5061.18,0.375994
2024-03-01,2024,Paytm,1230.04,0.091379
2024-03-01,2024,All other apps,667.44,0.049584
2024-04-01,2024,PhonePe,6500.14,0.488567
2024-04-01,2024,Google Pay,5027.32,0.377866
2024-04-01,2024,Paytm,1117.13,0.083966
2024-04-01,2024,All other apps,659.92,0.049601
2024-05-01,2024,PhonePe,6831.92,0.492091
2024-05-01,2024,Google Pay,5219.56,0.375956
2024-05-01,2024,Paytm,1140.01,0.082113
2024-05-01,2024,All other apps,691.95,0.04984
2024-06-01,2024,PhonePe,6716.09,0.492776
2024-06-01,2024,Google Pay,5103.99,0.374492
2024-06-01,2024,Paytm,1104.89,0.081068
2024-06-01,2024,All other apps,704.13,0.051664
2024-07-01,2024,PhonePe,6983.97,0.489627
2024-07-01,2024,Google Pay,5341.23,0.374459
2024-07-01,2024,Paytm,1128.97,0.079149
2024-07-01,2024,All other apps,809.7,0.056766
2024-08-01,2024,PhonePe,7236.49,0.489584
2024-08-01,2024,Google Pay,5592.45,0.378357
2024-08-01,2024,Paytm,1078.9,0.072993
2024-08-01,2024,All other apps,873.05,0.059066
2024-09-01,2024,PhonePe,7221.22,0.48619
2024-09-01,2024,Google Pay,5625.22,0.378734
2024-09-01,2024,Paytm,1064.62,0.071679
2024-09-01,2024,All other apps,941.62,0.063397
2024-10-01,2024,PhonePe,7905.54,0.482824
2024-10-01,2024,Google Pay,6201.81,0.37877
2024-10-01,2024,Paytm,1165.01,0.071152
2024-10-01,2024,All other apps,1101.17,0.067253
2024-11-01,2024,PhonePe,7401.93,0.484496
2024-11-01,2024,Google Pay,5739.12,0.375656
2024-11-01,2024,Paytm,1075.09,0.07037
2024-11-01,2024,All other apps,1061.45,0.069478
2024-12-01,2024,PhonePe,7984.05,0.483952
2024-12-01,2024,Google Pay,6140.47,0.372204
2024-12-01,2024,Paytm,1150.96,0.069765
2024-12-01,2024,All other apps,1222.12,0.074079
2025-01-01,2025,PhonePe,8102.44,0.483625
2025-01-01,2025,Google Pay,6183.91,0.36911
2025-01-01,2025,Paytm,1152.34,0.068782
2025-01-01,2025,All other apps,1314.86,0.078482
2025-02-01,2025,PhonePe,7656.4,0.482414
2025-02-01,2025,Google Pay,5836.8,0.367764
2025-02-01,2025,Paytm,1079.64,0.068026
2025-02-01,2025,All other apps,1298.19,0.081796
2025-03-01,2025,PhonePe,8647.78,0.479723
2025-03-01,2025,Google Pay,6596.76,0.365946
2025-03-01,2025,Paytm,1221.12,0.06774
2025-03-01,2025,All other apps,1560.94,0.086591
2025-04-01,2025,PhonePe,8362.31,0.474777
2025-04-01,2025,Google Pay,6488.55,0.368393
2025-04-01,2025,Paytm,1210.24,0.068712
2025-04-01,2025,All other apps,1552.04,0.088118
2025-05-01,2025,PhonePe,8682.08,0.472252
2025-05-01,2025,Google Pay,6740.42,0.366637
2025-05-01,2025,Paytm,1277.56,0.069491
2025-05-01,2025,All other apps,1684.38,0.09162
2025-06-01,2025,PhonePe,8547.04,0.472212
2025-06-01,2025,Google Pay,6540.92,0.361377
2025-06-01,2025,Paytm,1269.16,0.070119
2025-06-01,2025,All other apps,1742.88,0.096292
2025-07-01,2025,PhonePe,8931.24,0.466498
2025-07-01,2025,Google Pay,6922.92,0.361599
2025-07-01,2025,Paytm,1366.05,0.071352
2025-07-01,2025,All other apps,1925.07,0.100551
2025-08-01,2025,PhonePe,9152.54,0.465251
2025-08-01,2025,Google Pay,7063.76,0.359072
2025-08-01,2025,Paytm,1407.23,0.071534
2025-08-01,2025,All other apps,2048.72,0.104143
2025-09-01,2025,PhonePe,8961.78,0.464602
2025-09-01,2025,Google Pay,6832.93,0.354237
2025-09-01,2025,Paytm,1394.07,0.072272
2025-09-01,2025,All other apps,2100.37,0.108889
2025-10-01,2025,PhonePe,9410.55,0.465113
2025-10-01,2025,Google Pay,7164.43,0.3541
2025-10-01,2025,Paytm,1498.54,0.074065
2025-10-01,2025,All other apps,2159.29,0.106722
2025-11-01,2025,PhonePe,9322.29,0.464955
2025-11-01,2025,Google Pay,7020.94,0.350173
2025-11-01,2025,Paytm,1518.95,0.075759
2025-11-01,2025,All other apps,2187.71,0.109113
2025-12-01,2025,PhonePe,9799.14,0.464413
2025-12-01,2025,Google Pay,7311.67,0.346524
2025-12-01,2025,Paytm,1624.45,0.076988
2025-12-01,2025,All other apps,2364.8,0.112076
