year,app_group,volume_mn,share
2022,All other apps,3906.21,0.051896
2022,Google Pay,25356.39,0.33687
2022,Paytm,11189.63,0.148659
2022,PhonePe,34818.41,0.462576
2023,All other apps,5197.2,0.043668
2023,Google Pay,41784.67,0.35108
2023,Paytm,16493.77,0.138583
2023,PhonePe,55541.76,0.466669
2024,All other apps,9877.67,0.057823
2024,Google Pay,64003.33,0.374673
2024,Paytm,14165.6,0.082925
2024,PhonePe,82778.05,0.484579
2025,All other apps,21939.25,0.097839
2025,Google Pay,80704.01,0.359903
2025,Paytm,16019.35,0.071439
2025,PhonePe,105575.59,0.470819
