date,year,month,reported_volume_mn,listed_apps,top3_share,phonepe_share,googlepay_share,paytm_share,missing_value_apps
2022-01-01,2022,1,4708.28,58,0.941907,0.454578,0.336471,0.150858,2
2022-02-01,2022,2,4613.79,59,0.943055,0.459535,0.330334,0.153186,2
2022-03-01,2022,3,5508.21,65,0.944483,0.458797,0.333706,0.15198,2
2022-04-01,2022,4,5682.79,65,0.947183,0.460383,0.336942,0.149858,0
2022-05-01,2022,5,6057.96,65,0.948524,0.458694,0.343337,0.146493,0
2022-06-01,2022,6,5961.01,67,0.945474,0.458411,0.339857,0.147207,0
2022-07-01,2022,7,6392.76,66,0.947688,0.468316,0.333288,0.146084,0
2022-08-01,2022,8,6689.72,65,0.948594,0.47038,0.330766,0.147449,0
2022-09-01,2022,9,6889.89,65,0.950686,0.466884,0.333262,0.150539,0
2022-10-01,2022,10,7414.33,62,0.95206,0.465702,0.336702,0.149656,0
2022-11-01,2022,11,7412.62,66,0.949915,0.461207,0.342813,0.145896,0
2022-12-01,2022,12,7939.28,64,0.951839,0.462793,0.341636,0.147411,0
2023-01-01,2023,1,8142.85,68,0.954946,0.466995,0.341701,0.14625,0
2023-02-01,2023,2,7633.4,65,0.955826,0.461016,0.34579,0.14902,0
2023-03-01,2023,3,8790.56,68,0.957748,0.463716,0.347468,0.146564,0
2023-04-01,2023,4,9003.64,68,0.957999,0.468365,0.345331,0.144303,0
2023-05-01,2023,5,9523.59,68,0.95722,0.472427,0.34385,0.140943,0
2023-06-01,2023,6,9443.17,70,0.956847,0.472443,0.345946,0.138458,0
2023-07-01,2023,7,10077.36,69,0.955802,0.470724,0.346781,0.138296,0
2023-08-01,2023,8,10705.36,72,0.956514,0.465872,0.351943,0.138699,0
2023-09-01,2023,9,10670.24,71,0.956463,0.466045,0.35434,0.136078,0
2023-10-01,2023,10,11531.58,69,0.955835,0.462899,0.359007,0.133929,0
2023-11-01,2023,11,11349.21,68,0.956915,0.465379,0.361178,0.130359,0
2023-12-01,2023,12,12146.44,69,0.954317,0.464553,0.360212,0.129553,0
2024-01-01,2024,1,12325.59,71,0.95306,0.465255,0.360458,0.127347,0
2024-02-01,2024,2,12175.04,68,0.953465,0.4731,0.370276,0.11009,0
2024-03-01,2024,3,13460.81,66,0.950416,0.483043,0.375994,0.091379,0
2024-04-01,2024,4,13304.51,70,0.950399,0.488567,0.377866,0.083966,0
2024-05-01,2024,5,13883.44,68,0.95016,0.492091,0.375956,0.082113,0
2024-06-01,2024,6,13629.1,70,0.948336,0.492776,0.374492,0.081068,0
2024-07-01,2024,7,14263.87,72,0.943234,0.489627,0.374459,0.079149,0
2024-08-01,2024,8,14780.89,69,0.940934,0.489584,0.378357,0.072993,0
2024-09-01,2024,9,14852.68,75,0.936603,0.48619,0.378734,0.071679,0
2024-10-01,2024,10,16373.53,76,0.932747,0.482824,0.37877,0.071152,0
2024-11-01,2024,11,15277.59,80,0.930522,0.484496,0.375656,0.07037,0
2024-12-01,2024,12,16497.6,82,0.925921,0.483952,0.372204,0.069765,0
2025-01-01,2025,1,16753.55,82,0.921518,0.483625,0.36911,0.068782,0
2025-02-01,2025,2,15871.03,81,0.918204,0.482414,0.367764,0.068026,0
2025-03-01,2025,3,18026.6,81,0.913409,0.479723,0.365946,0.06774,0
2025-04-01,2025,4,17613.14,83,0.911882,0.474777,0.368393,0.068712,0
2025-05-01,2025,5,18384.44,82,0.90838,0.472252,0.366637,0.069491,0
2025-06-01,2025,6,18100.0,81,0.903708,0.472212,0.361377,0.070119,0
2025-07-01,2025,7,19145.28,84,0.899449,0.466498,0.361599,0.071352,0
2025-08-01,2025,8,19672.25,83,0.895857,0.465251,0.359072,0.071534,0
2025-09-01,2025,9,19289.15,85,0.891111,0.464602,0.354237,0.072272,0
2025-10-01,2025,10,20232.81,86,0.893278,0.465113,0.3541,0.074065,0
2025-11-01,2025,11,20049.89,89,0.890887,0.464955,0.350173,0.075759,0
2025-12-01,2025,12,21100.06,91,0.887924,0.464413,0.346524,0.076988,0
